"DESCRIPTION","DURATION IN MS","NAME","PARENT SUITE","START TIME","STATUS","STOP TIME","SUB SUITE","SUITE","TEST CLASS","TEST METHOD"
"","1292","should show error for invalid password","firefox","2026-01-15","passed","2026-01-15","SauceDemo Login Tests > Invalid Credentials Handling","ui/auth/login.spec.ts","",""
"","1298","should navigate to product detail","firefox","2026-01-15","passed","2026-01-15","SauceDemo Product Tests > Product Navigation","ui/products/products.spec.ts","",""
"","1266","should accept various postal code formats","Mobile Chrome","2026-01-15","passed","2026-01-15","SauceDemo Checkout Tests > Valid Checkout Information","ui/checkout/checkout.spec.ts","",""
"","1316","should complete order successfully","Mobile Chrome","2026-01-15","passed","2026-01-15","SauceDemo Checkout Tests > Complete Order","ui/checkout/checkout.spec.ts","",""
"","1214","should login with visual user","firefox","2026-01-15","passed","2026-01-15","SauceDemo Login Tests > Valid Login Scenarios","ui/auth/login.spec.ts","",""
"","1322","should login with standard user","chromium","2026-01-15","passed","2026-01-15","SauceDemo Login Tests > Valid Login Scenarios","ui/auth/login.spec.ts","",""
"","2072","should show error for missing postal code","firefox","2026-01-15","passed","2026-01-15","SauceDemo Checkout Tests > Form Field Validation","ui/checkout/checkout.spec.ts","",""
"","1326","should navigate to cart from products","Mobile Safari","2026-01-15","passed","2026-01-15","SauceDemo Cart Tests > Cart Navigation","ui/cart/cart.spec.ts","",""
"","1205","should change button to Remove after adding","Mobile Chrome","2026-01-15","passed","2026-01-15","SauceDemo Product Tests > Add to Cart Operations","ui/products/products.spec.ts","",""
"","1785","should persist form field data","firefox","2026-01-15","passed","2026-01-15","SauceDemo Checkout Tests > Checkout Navigation","ui/checkout/checkout.spec.ts","",""
"","1064","User #2 - login test (locked_out_user)","chromium","2026-01-15","passed","2026-01-15","SauceDemo Login with Multiple Users @smoke","ui/auth/loginWithDDT.spec.ts","",""
"","1133","download file and read content","webkit","2026-01-15","passed","2026-01-15","File Download Tests","ui/file-operations/download.spec.ts","",""
"","12309","should remove single product from cart","webkit","2026-01-15","passed","2026-01-15","SauceDemo Product Tests > Remove from Cart Operations","ui/products/products.spec.ts","",""
"","1249","User #3 - login test (problem_user)","firefox","2026-01-15","passed","2026-01-15","SauceDemo Login with Multiple Users @smoke","ui/auth/loginWithDDT.spec.ts","",""
"","1300","should show complete order summary","Mobile Chrome","2026-01-15","passed","2026-01-15","SauceDemo Checkout Tests > Order Summary","ui/checkout/checkout.spec.ts","",""
"","608","handle download failure","Mobile Chrome","2026-01-15","passed","2026-01-15","File Download Tests","ui/file-operations/download.spec.ts","",""
"","2834","should add single product to cart","firefox","2026-01-15","passed","2026-01-15","SauceDemo Product Tests > Add to Cart Operations","ui/products/products.spec.ts","",""
"","1693","should show checkout button with items","webkit","2026-01-15","passed","2026-01-15","SauceDemo Cart Tests > Empty Cart Scenarios","ui/cart/cart.spec.ts","",""
"","1318","should complete with valid data","chromium","2026-01-15","passed","2026-01-15","SauceDemo Checkout Tests > Valid Checkout Information","ui/checkout/checkout.spec.ts","",""
"","1841","should show complete order summary","Mobile Safari","2026-01-15","passed","2026-01-15","SauceDemo Checkout Tests > Order Summary","ui/checkout/checkout.spec.ts","",""
"","1244","should add product by index","Mobile Chrome","2026-01-15","passed","2026-01-15","SauceDemo Product Tests > Add to Cart Operations","ui/products/products.spec.ts","",""
"","1100","should reject XSS attempts","chromium","2026-01-15","passed","2026-01-15","SauceDemo Login Tests > Invalid Credentials Handling","ui/auth/login.spec.ts","",""
"","1239","should calculate total correctly","chromium","2026-01-15","passed","2026-01-15","SauceDemo Checkout Tests > Checkout Overview","ui/checkout/checkout.spec.ts","",""
"","1557","should complete entire purchase flow","firefox","2026-01-15","passed","2026-01-15","SauceDemo Checkout Tests > End-to-End Scenarios","ui/checkout/checkout.spec.ts","",""
"","43","should get all posts","Mobile Chrome","2026-01-15","passed","2026-01-15","JSONPlaceholder - Posts Tests","api/jsonplaceholder.spec.ts","",""
"","1768","should add single item","Mobile Safari","2026-01-15","passed","2026-01-15","SauceDemo Cart Tests > Add Items to Cart","ui/cart/cart.spec.ts","",""
"","1141","should be case sensitive","firefox","2026-01-15","passed","2026-01-15","SauceDemo Login Tests > Invalid Credentials Handling","ui/auth/login.spec.ts","",""
"","593","download file and read content","Mobile Chrome","2026-01-15","passed","2026-01-15","File Download Tests","ui/file-operations/download.spec.ts","",""
"","1160","should display all product names","chromium","2026-01-15","passed","2026-01-15","SauceDemo Product Tests > Product Display Verification","ui/products/products.spec.ts","",""
"","1359","should show error for empty username","webkit","2026-01-15","passed","2026-01-15","SauceDemo Login Tests > Empty Field Validation","ui/auth/login.spec.ts","",""
"","1143","should sort price high to low","chromium","2026-01-15","passed","2026-01-15","SauceDemo Product Tests > Sorting Functionality","ui/products/products.spec.ts","",""
"","1779","should display product descriptions","Mobile Safari","2026-01-15","passed","2026-01-15","SauceDemo Cart Tests > Cart Display Details","ui/cart/cart.spec.ts","",""
"","1571","should verify item count","firefox","2026-01-15","passed","2026-01-15","SauceDemo Checkout Tests > Order Summary","ui/checkout/checkout.spec.ts","",""
"","1145","should display page title","chromium","2026-01-15","passed","2026-01-15","SauceDemo Product Tests > Product Display Verification","ui/products/products.spec.ts","",""
"","1276","should show error for missing first name","Mobile Chrome","2026-01-15","passed","2026-01-15","SauceDemo Checkout Tests > Form Field Validation","ui/checkout/checkout.spec.ts","",""
"","1578","should login with error user","webkit","2026-01-15","passed","2026-01-15","SauceDemo Login Tests > Valid Login Scenarios","ui/auth/login.spec.ts","",""
"","1135","should display all products","chromium","2026-01-15","passed","2026-01-15","SauceDemo Product Tests > Product Display Verification","ui/products/products.spec.ts","",""
"","1930","should show error for missing postal code","webkit","2026-01-15","passed","2026-01-15","SauceDemo Checkout Tests > Form Field Validation","ui/checkout/checkout.spec.ts","",""
"","1207","should show product description in cart","Mobile Chrome","2026-01-15","passed","2026-01-15","SauceDemo Cart Tests > Cart Item Details","ui/cart/cart.spec.ts","",""
"","1293","should remove all items","Mobile Chrome","2026-01-15","passed","2026-01-15","SauceDemo Cart Tests > Remove Items from Cart","ui/cart/cart.spec.ts","",""
"","21","should get all todos","webkit","2026-01-15","passed","2026-01-15","JSONPlaceholder - Todos Tests","api/jsonplaceholder.spec.ts","",""
"","1922","should calculate multiple items total","webkit","2026-01-15","passed","2026-01-15","SauceDemo Cart Tests > Cart Calculations","ui/cart/cart.spec.ts","",""
"","1666","should show checkout button with items","firefox","2026-01-15","passed","2026-01-15","SauceDemo Cart Tests > Empty Cart Scenarios","ui/cart/cart.spec.ts","",""
"","1474","should display empty cart correctly","Mobile Safari","2026-01-15","passed","2026-01-15","SauceDemo Cart Tests > Empty Cart Scenarios","ui/cart/cart.spec.ts","",""
"","1377","should show error for invalid password","webkit","2026-01-15","passed","2026-01-15","SauceDemo Login Tests > Invalid Credentials Handling","ui/auth/login.spec.ts","",""
"","2079","should calculate tax correctly","webkit","2026-01-15","passed","2026-01-15","SauceDemo Checkout Tests > Checkout Overview","ui/checkout/checkout.spec.ts","",""
"","12202","should remove single product from cart","Mobile Safari","2026-01-15","passed","2026-01-15","SauceDemo Product Tests > Remove from Cart Operations","ui/products/products.spec.ts","",""
"","1557","should navigate back and forth","webkit","2026-01-15","passed","2026-01-15","SauceDemo Cart Tests > Cart Navigation","ui/cart/cart.spec.ts","",""
"","1129","should reject XSS attempts","Mobile Chrome","2026-01-15","passed","2026-01-15","SauceDemo Login Tests > Invalid Credentials Handling","ui/auth/login.spec.ts","",""
"","1250","should display correct item prices","chromium","2026-01-15","passed","2026-01-15","SauceDemo Checkout Tests > Checkout Overview","ui/checkout/checkout.spec.ts","",""
"","1444","User #1 - login test (standard_user)","Mobile Safari","2026-01-15","passed","2026-01-15","SauceDemo Login with Multiple Users @smoke","ui/auth/loginWithDDT.spec.ts","",""
"","3446","single file upload","Mobile Chrome","2026-01-15","failed","2026-01-15","File download tests","ui/file-operations/download.spec.ts","",""
"","1036","User #4 - login test (invalid_user)","chromium","2026-01-15","passed","2026-01-15","SauceDemo Login with Multiple Users @smoke","ui/auth/loginWithDDT.spec.ts","",""
"","1178","should login with standard user","Mobile Chrome","2026-01-15","passed","2026-01-15","SauceDemo Login Tests > Valid Login Scenarios","ui/auth/login.spec.ts","",""
"","1947","should show error for missing last name","webkit","2026-01-15","passed","2026-01-15","SauceDemo Checkout Tests > Form Field Validation","ui/checkout/checkout.spec.ts","",""
"","1887","should complete with valid data","Mobile Safari","2026-01-15","passed","2026-01-15","SauceDemo Checkout Tests > Valid Checkout Information","ui/checkout/checkout.spec.ts","",""
"","1092","should show error for locked out user","Mobile Chrome","2026-01-15","passed","2026-01-15","SauceDemo Login Tests > Invalid Credentials Handling","ui/auth/login.spec.ts","",""
"","1283","should complete with valid data","Mobile Chrome","2026-01-15","passed","2026-01-15","SauceDemo Checkout Tests > Valid Checkout Information","ui/checkout/checkout.spec.ts","",""
"","1184","should sort price low to high","chromium","2026-01-15","passed","2026-01-15","SauceDemo Product Tests > Sorting Functionality","ui/products/products.spec.ts","",""
"","1174","should show empty cart after removing all","Mobile Chrome","2026-01-15","passed","2026-01-15","SauceDemo Cart Tests > Empty Cart Scenarios","ui/cart/cart.spec.ts","",""
"","1481","should display product prices correctly","Mobile Safari","2026-01-15","passed","2026-01-15","SauceDemo Product Tests > Product Information","ui/products/products.spec.ts","",""
"","1580","should display empty cart correctly","webkit","2026-01-15","passed","2026-01-15","SauceDemo Cart Tests > Empty Cart Scenarios","ui/cart/cart.spec.ts","",""
"","24","should get all albums","chromium","2026-01-15","passed","2026-01-15","JSONPlaceholder - Album & Photos Tests","api/jsonplaceholder.spec.ts","",""
"","31","should create a new post","webkit","2026-01-15","passed","2026-01-15","JSONPlaceholder - Posts Tests","api/jsonplaceholder.spec.ts","",""
"","1255","should sort products A to Z","firefox","2026-01-15","passed","2026-01-15","SauceDemo Product Tests > Sorting Functionality","ui/products/products.spec.ts","",""
"","1129","should have default sort as A-Z","Mobile Chrome","2026-01-15","passed","2026-01-15","SauceDemo Product Tests > Sorting Functionality","ui/products/products.spec.ts","",""
"","11401","should remove single product from cart","firefox","2026-01-15","passed","2026-01-15","SauceDemo Product Tests > Remove from Cart Operations","ui/products/products.spec.ts","",""
"","1615","should show checkout button with items","Mobile Safari","2026-01-15","passed","2026-01-15","SauceDemo Cart Tests > Empty Cart Scenarios","ui/cart/cart.spec.ts","",""
"","1553","should navigate to product detail","Mobile Safari","2026-01-15","passed","2026-01-15","SauceDemo Product Tests > Product Navigation","ui/products/products.spec.ts","",""
"","23","should get all todos","chromium","2026-01-15","passed","2026-01-15","JSONPlaceholder - Todos Tests","api/jsonplaceholder.spec.ts","",""
"","1332","should add product by index","firefox","2026-01-15","passed","2026-01-15","SauceDemo Product Tests > Add to Cart Operations","ui/products/products.spec.ts","",""
"","1279","should show confirmation message","chromium","2026-01-15","passed","2026-01-15","SauceDemo Checkout Tests > Complete Order","ui/checkout/checkout.spec.ts","",""
"","1272","should display empty cart correctly","firefox","2026-01-15","passed","2026-01-15","SauceDemo Cart Tests > Empty Cart Scenarios","ui/cart/cart.spec.ts","",""
"","1176","User #3 - login test (problem_user)","chromium","2026-01-15","passed","2026-01-15","SauceDemo Login with Multiple Users @smoke","ui/auth/loginWithDDT.spec.ts","",""
"","11653","should update cart badge when adding items","chromium","2026-01-15","passed","2026-01-15","SauceDemo Product Tests > Add to Cart Operations","ui/products/products.spec.ts","",""
"","1369","should add all items","Mobile Chrome","2026-01-15","passed","2026-01-15","SauceDemo Cart Tests > Add Items to Cart","ui/cart/cart.spec.ts","",""
"","1483","should have correct product details","Mobile Safari","2026-01-15","passed","2026-01-15","SauceDemo Product Tests > Product Information","ui/products/products.spec.ts","",""
"","1789","should decrement cart badge when removing","webkit","2026-01-15","passed","2026-01-15","SauceDemo Product Tests > Remove from Cart Operations","ui/products/products.spec.ts","",""
"","1365","should display page title","Mobile Safari","2026-01-15","passed","2026-01-15","SauceDemo Product Tests > Product Display Verification","ui/products/products.spec.ts","",""
"","1254","should display item names","chromium","2026-01-15","passed","2026-01-15","SauceDemo Checkout Tests > Checkout Overview","ui/checkout/checkout.spec.ts","",""
"","486","download file and read content","chromium","2026-01-15","passed","2026-01-15","File Download Tests","ui/file-operations/download.spec.ts","",""
"","1757","should show product description in cart","Mobile Safari","2026-01-15","passed","2026-01-15","SauceDemo Cart Tests > Cart Item Details","ui/cart/cart.spec.ts","",""
"","1374","should be case sensitive","webkit","2026-01-15","passed","2026-01-15","SauceDemo Login Tests > Invalid Credentials Handling","ui/auth/login.spec.ts","",""
"","967","download file and verify","webkit","2026-01-15","passed","2026-01-15","File Download Tests","ui/file-operations/download.spec.ts","",""
"","1150","should display product prices correctly","chromium","2026-01-15","passed","2026-01-15","SauceDemo Product Tests > Product Information","ui/products/products.spec.ts","",""
"","1823","should show quantity for multiple items","webkit","2026-01-15","passed","2026-01-15","SauceDemo Cart Tests > Cart Display Details","ui/cart/cart.spec.ts","",""
"","1580","should fill fields separately","firefox","2026-01-15","passed","2026-01-15","SauceDemo Checkout Tests > Valid Checkout Information","ui/checkout/checkout.spec.ts","",""
"","1265","should verify item count","Mobile Chrome","2026-01-15","passed","2026-01-15","SauceDemo Checkout Tests > Order Summary","ui/checkout/checkout.spec.ts","",""
"","1802","should show error for missing postal code","Mobile Safari","2026-01-15","passed","2026-01-15","SauceDemo Checkout Tests > Form Field Validation","ui/checkout/checkout.spec.ts","",""
"","1776","should add product by index","webkit","2026-01-15","passed","2026-01-15","SauceDemo Product Tests > Add to Cart Operations","ui/products/products.spec.ts","",""
"","102","should get completed todos","Mobile Chrome","2026-01-15","passed","2026-01-15","JSONPlaceholder - Todos Tests","api/jsonplaceholder.spec.ts","",""
"","1278","should login with visual user","Mobile Chrome","2026-01-15","passed","2026-01-15","SauceDemo Login Tests > Valid Login Scenarios","ui/auth/login.spec.ts","",""
"","1718","should decrement cart badge when removing","Mobile Safari","2026-01-15","passed","2026-01-15","SauceDemo Product Tests > Remove from Cart Operations","ui/products/products.spec.ts","",""
"","1127","should show error for empty password","chromium","2026-01-15","passed","2026-01-15","SauceDemo Login Tests > Empty Field Validation","ui/auth/login.spec.ts","",""
"","44","should create a new post","Mobile Safari","2026-01-15","passed","2026-01-15","JSONPlaceholder - Posts Tests","api/jsonplaceholder.spec.ts","",""
"","1138","should continue shopping from cart","Mobile Chrome","2026-01-15","passed","2026-01-15","SauceDemo Cart Tests > Cart Navigation","ui/cart/cart.spec.ts","",""
"","1176","should sort products A to Z","Mobile Chrome","2026-01-15","passed","2026-01-15","SauceDemo Product Tests > Sorting Functionality","ui/products/products.spec.ts","",""
"","1167","should have correct product count","chromium","2026-01-15","passed","2026-01-15","SauceDemo Product Tests > Product Display Verification","ui/products/products.spec.ts","",""
"","1292","should calculate tax correctly","Mobile Chrome","2026-01-15","passed","2026-01-15","SauceDemo Checkout Tests > Checkout Overview","ui/checkout/checkout.spec.ts","",""
"","1356","should add single item","firefox","2026-01-15","passed","2026-01-15","SauceDemo Cart Tests > Add Items to Cart","ui/cart/cart.spec.ts","",""
"","1613","should change button to Remove after adding","Mobile Safari","2026-01-15","passed","2026-01-15","SauceDemo Product Tests > Add to Cart Operations","ui/products/products.spec.ts","",""
"","1484","should display all product prices","Mobile Safari","2026-01-15","passed","2026-01-15","SauceDemo Product Tests > Product Display Verification","ui/products/products.spec.ts","",""
"","1472","should display product descriptions","firefox","2026-01-15","passed","2026-01-15","SauceDemo Cart Tests > Cart Display Details","ui/cart/cart.spec.ts","",""
"","1074","User #4 - login test (invalid_user)","Mobile Chrome","2026-01-15","passed","2026-01-15","SauceDemo Login with Multiple Users @smoke","ui/auth/loginWithDDT.spec.ts","",""
"","11396","should login with performance glitch user","webkit","2026-01-15","passed","2026-01-15","SauceDemo Login Tests > Valid Login Scenarios","ui/auth/login.spec.ts","",""
"","1332","should reject XSS attempts","Mobile Safari","2026-01-15","passed","2026-01-15","SauceDemo Login Tests > Invalid Credentials Handling","ui/auth/login.spec.ts","",""
"","1231","should verify item count","chromium","2026-01-15","passed","2026-01-15","SauceDemo Checkout Tests > Order Summary","ui/checkout/checkout.spec.ts","",""
"","1307","should show confirmation message","Mobile Chrome","2026-01-15","passed","2026-01-15","SauceDemo Checkout Tests > Complete Order","ui/checkout/checkout.spec.ts","",""
"","1012","handle download failure","webkit","2026-01-15","passed","2026-01-15","File Download Tests","ui/file-operations/download.spec.ts","",""
"","108","should get completed todos","Mobile Safari","2026-01-15","passed","2026-01-15","JSONPlaceholder - Todos Tests","api/jsonplaceholder.spec.ts","",""
"","1498","should cancel from checkout","firefox","2026-01-15","passed","2026-01-15","SauceDemo Checkout Tests > Checkout Navigation","ui/checkout/checkout.spec.ts","",""
"","1392","should have correct product details","firefox","2026-01-15","passed","2026-01-15","SauceDemo Product Tests > Product Information","ui/products/products.spec.ts","",""
"","1431","should continue shopping from cart","Mobile Safari","2026-01-15","passed","2026-01-15","SauceDemo Cart Tests > Cart Navigation","ui/cart/cart.spec.ts","",""
"","1870","should accept special characters in names","Mobile Safari","2026-01-15","passed","2026-01-15","SauceDemo Checkout Tests > Valid Checkout Information","ui/checkout/checkout.spec.ts","",""
"","1237","should navigate to product detail","Mobile Chrome","2026-01-15","passed","2026-01-15","SauceDemo Product Tests > Product Navigation","ui/products/products.spec.ts","",""
"","1278","should show error for missing last name","chromium","2026-01-15","passed","2026-01-15","SauceDemo Checkout Tests > Form Field Validation","ui/checkout/checkout.spec.ts","",""
"","1240","should continue shopping from cart","firefox","2026-01-15","passed","2026-01-15","SauceDemo Cart Tests > Cart Navigation","ui/cart/cart.spec.ts","",""
"","2189","single file upload","Mobile Safari","2026-01-15","failed","2026-01-15","File download tests","ui/file-operations/download.spec.ts","",""
"","1177","should display empty cart correctly","chromium","2026-01-15","passed","2026-01-15","SauceDemo Cart Tests > Empty Cart Scenarios","ui/cart/cart.spec.ts","",""
"","1738","should change button to Remove after adding","webkit","2026-01-15","passed","2026-01-15","SauceDemo Product Tests > Add to Cart Operations","ui/products/products.spec.ts","",""
"","619","handle download failure","firefox","2026-01-15","passed","2026-01-15","File Download Tests","ui/file-operations/download.spec.ts","",""
"","1353","should reject SQL injection attempts","Mobile Safari","2026-01-15","passed","2026-01-15","SauceDemo Login Tests > Invalid Credentials Handling","ui/auth/login.spec.ts","",""
"","1183","should show correct cart badge count","Mobile Chrome","2026-01-15","passed","2026-01-15","SauceDemo Cart Tests > Cart Calculations","ui/cart/cart.spec.ts","",""
"","1705","should have visible product container","webkit","2026-01-15","passed","2026-01-15","SauceDemo Product Tests > Product Display Verification","ui/products/products.spec.ts","",""
"","21","should get single user by ID","firefox","2026-01-15","passed","2026-01-15","JSONPlaceholder - Users Tests","api/jsonplaceholder.spec.ts","",""
"","1318","should display page title","firefox","2026-01-15","passed","2026-01-15","SauceDemo Product Tests > Product Display Verification","ui/products/products.spec.ts","",""
"","1638","should display product prices correctly","webkit","2026-01-15","passed","2026-01-15","SauceDemo Product Tests > Product Information","ui/products/products.spec.ts","",""
"","2342","single file upload","webkit","2026-01-15","failed","2026-01-15","File download tests","ui/file-operations/download.spec.ts","",""
"","1203","should display item details correctly","Mobile Chrome","2026-01-15","passed","2026-01-15","SauceDemo Cart Tests > Cart Item Details","ui/cart/cart.spec.ts","",""
"","1151","should display all product names","Mobile Chrome","2026-01-15","passed","2026-01-15","SauceDemo Product Tests > Product Display Verification","ui/products/products.spec.ts","",""
"","2022","should accept various postal code formats","webkit","2026-01-15","passed","2026-01-15","SauceDemo Checkout Tests > Valid Checkout Information","ui/checkout/checkout.spec.ts","",""
"","1807","should add multiple items","webkit","2026-01-15","passed","2026-01-15","SauceDemo Cart Tests > Add Items to Cart","ui/cart/cart.spec.ts","",""
"","1813","should verify item count","Mobile Safari","2026-01-15","passed","2026-01-15","SauceDemo Checkout Tests > Order Summary","ui/checkout/checkout.spec.ts","",""
"","23","should get single user by ID","webkit","2026-01-15","passed","2026-01-15","JSONPlaceholder - Users Tests","api/jsonplaceholder.spec.ts","",""
"","1320","should sort products Z to A","firefox","2026-01-15","passed","2026-01-15","SauceDemo Product Tests > Sorting Functionality","ui/products/products.spec.ts","",""
"","1741","should show error for missing last name","Mobile Safari","2026-01-15","passed","2026-01-15","SauceDemo Checkout Tests > Form Field Validation","ui/checkout/checkout.spec.ts","",""
"","1138","should show error for empty username","chromium","2026-01-15","passed","2026-01-15","SauceDemo Login Tests > Empty Field Validation","ui/auth/login.spec.ts","",""
"","2460","should purchase multiple products","Mobile Safari","2026-01-15","passed","2026-01-15","SauceDemo Checkout Tests > End-to-End Scenarios","ui/checkout/checkout.spec.ts","",""
"","1280","should calculate total correctly","Mobile Chrome","2026-01-15","passed","2026-01-15","SauceDemo Checkout Tests > Checkout Overview","ui/checkout/checkout.spec.ts","",""
"","1253","should show quantity for multiple items","chromium","2026-01-15","passed","2026-01-15","SauceDemo Cart Tests > Cart Display Details","ui/cart/cart.spec.ts","",""
"","1628","should show confirmation message","firefox","2026-01-15","passed","2026-01-15","SauceDemo Checkout Tests > Complete Order","ui/checkout/checkout.spec.ts","",""
"","1442","should remove from cart page","Mobile Safari","2026-01-15","passed","2026-01-15","SauceDemo Cart Tests > Remove Items from Cart","ui/cart/cart.spec.ts","",""
"","1809","should show error for missing first name","Mobile Safari","2026-01-15","passed","2026-01-15","SauceDemo Checkout Tests > Form Field Validation","ui/checkout/checkout.spec.ts","",""
"","1718","should add single item","webkit","2026-01-15","passed","2026-01-15","SauceDemo Cart Tests > Add Items to Cart","ui/cart/cart.spec.ts","",""
"","1716","should navigate to product detail","webkit","2026-01-15","passed","2026-01-15","SauceDemo Product Tests > Product Navigation","ui/products/products.spec.ts","",""
"","2656","should purchase multiple products","webkit","2026-01-15","passed","2026-01-15","SauceDemo Checkout Tests > End-to-End Scenarios","ui/checkout/checkout.spec.ts","",""
"","1353","User #4 - login test (invalid_user)","Mobile Safari","2026-01-15","passed","2026-01-15","SauceDemo Login with Multiple Users @smoke","ui/auth/loginWithDDT.spec.ts","",""
"","1198","should add single product to cart","chromium","2026-01-15","passed","2026-01-15","SauceDemo Product Tests > Add to Cart Operations","ui/products/products.spec.ts","",""
"","1271","should verify total matches subtotal plus tax","Mobile Chrome","2026-01-15","passed","2026-01-15","SauceDemo Checkout Tests > Order Summary","ui/checkout/checkout.spec.ts","",""
"","1256","User #1 - login test (standard_user)","firefox","2026-01-15","passed","2026-01-15","SauceDemo Login with Multiple Users @smoke","ui/auth/loginWithDDT.spec.ts","",""
"","1636","should verify product in cart","Mobile Safari","2026-01-15","passed","2026-01-15","SauceDemo Cart Tests > Verification Methods","ui/cart/cart.spec.ts","",""
"","1856","should complete order successfully","Mobile Safari","2026-01-15","passed","2026-01-15","SauceDemo Checkout Tests > Complete Order","ui/checkout/checkout.spec.ts","",""
"","7345","should login with performance glitch user","firefox","2026-01-15","passed","2026-01-15","SauceDemo Login Tests > Valid Login Scenarios","ui/auth/login.spec.ts","",""
"","105","should get all albums","firefox","2026-01-15","passed","2026-01-15","JSONPlaceholder - Album & Photos Tests","api/jsonplaceholder.spec.ts","",""
"","1160","should remove from cart page","Mobile Chrome","2026-01-15","passed","2026-01-15","SauceDemo Cart Tests > Remove Items from Cart","ui/cart/cart.spec.ts","",""
"","1853","should cancel from checkout","webkit","2026-01-15","passed","2026-01-15","SauceDemo Checkout Tests > Checkout Navigation","ui/checkout/checkout.spec.ts","",""
"","2955","single file upload","chromium","2026-01-15","failed","2026-01-15","File download tests","ui/file-operations/download.spec.ts","",""
"","1171","should cancel from checkout","chromium","2026-01-15","passed","2026-01-15","SauceDemo Checkout Tests > Checkout Navigation","ui/checkout/checkout.spec.ts","",""
"","1561","should dismiss error message","firefox","2026-01-15","passed","2026-01-15","SauceDemo Checkout Tests > Form Field Validation","ui/checkout/checkout.spec.ts","",""
"","1951","should show error for all fields empty","webkit","2026-01-15","passed","2026-01-15","SauceDemo Checkout Tests > Form Field Validation","ui/checkout/checkout.spec.ts","",""
"","7393","should login with standard user","webkit","2026-01-15","passed","2026-01-15","SauceDemo Login Tests > Valid Login Scenarios","ui/auth/login.spec.ts","",""
"","1215","should verify cart contents","chromium","2026-01-15","passed","2026-01-15","SauceDemo Cart Tests > Verification Methods","ui/cart/cart.spec.ts","",""
"","1984","should logout successfully","Mobile Chrome","2026-01-15","passed","2026-01-15","SauceDemo Product Tests > User Menu","ui/products/products.spec.ts","",""
"","1777","should add single product to cart","webkit","2026-01-15","passed","2026-01-15","SauceDemo Product Tests > Add to Cart Operations","ui/products/products.spec.ts","",""
"","33","should delete a post","Mobile Chrome","2026-01-15","passed","2026-01-15","JSONPlaceholder - Posts Tests","api/jsonplaceholder.spec.ts","",""
"","1797","should calculate total correctly","Mobile Safari","2026-01-15","passed","2026-01-15","SauceDemo Checkout Tests > Checkout Overview","ui/checkout/checkout.spec.ts","",""
"","1256","should verify total matches subtotal plus tax","chromium","2026-01-15","passed","2026-01-15","SauceDemo Checkout Tests > Order Summary","ui/checkout/checkout.spec.ts","",""
"","23","should get single user by ID","Mobile Chrome","2026-01-15","passed","2026-01-15","JSONPlaceholder - Users Tests","api/jsonplaceholder.spec.ts","",""
"","26","should delete a post","webkit","2026-01-15","passed","2026-01-15","JSONPlaceholder - Posts Tests","api/jsonplaceholder.spec.ts","",""
"","1180","should add multiple products to cart","Mobile Chrome","2026-01-15","passed","2026-01-15","SauceDemo Product Tests > Add to Cart Operations","ui/products/products.spec.ts","",""
"","1452","should sort products A to Z","Mobile Safari","2026-01-15","passed","2026-01-15","SauceDemo Product Tests > Sorting Functionality","ui/products/products.spec.ts","",""
"","1219","should show checkout button with items","chromium","2026-01-15","passed","2026-01-15","SauceDemo Cart Tests > Empty Cart Scenarios","ui/cart/cart.spec.ts","",""
"","1768","should show quantity for multiple items","Mobile Safari","2026-01-15","passed","2026-01-15","SauceDemo Cart Tests > Cart Display Details","ui/cart/cart.spec.ts","",""
"","1243","should display shipping information","chromium","2026-01-15","passed","2026-01-15","SauceDemo Checkout Tests > Order Summary","ui/checkout/checkout.spec.ts","",""
"","1379","should have default sort as A-Z","Mobile Safari","2026-01-15","passed","2026-01-15","SauceDemo Product Tests > Sorting Functionality","ui/products/products.spec.ts","",""
"","1607","should remove all items","webkit","2026-01-15","passed","2026-01-15","SauceDemo Cart Tests > Remove Items from Cart","ui/cart/cart.spec.ts","",""
"","1101","should continue shopping from cart","chromium","2026-01-15","passed","2026-01-15","SauceDemo Cart Tests > Cart Navigation","ui/cart/cart.spec.ts","",""
"","1796","should go back to cart","webkit","2026-01-15","passed","2026-01-15","SauceDemo Checkout Tests > Checkout Navigation","ui/checkout/checkout.spec.ts","",""
"","1099","should display product names correctly","chromium","2026-01-15","passed","2026-01-15","SauceDemo Product Tests > Product Information","ui/products/products.spec.ts","",""
"","1325","should complete entire purchase flow","Mobile Chrome","2026-01-15","passed","2026-01-15","SauceDemo Checkout Tests > End-to-End Scenarios","ui/checkout/checkout.spec.ts","",""
"","1234","should go back to cart","Mobile Chrome","2026-01-15","passed","2026-01-15","SauceDemo Checkout Tests > Checkout Navigation","ui/checkout/checkout.spec.ts","",""
"","1946","should show error for missing first name","webkit","2026-01-15","passed","2026-01-15","SauceDemo Checkout Tests > Form Field Validation","ui/checkout/checkout.spec.ts","",""
"","1963","should display all product names","firefox","2026-01-15","passed","2026-01-15","SauceDemo Product Tests > Product Display Verification","ui/products/products.spec.ts","",""
"","1691","should display product descriptions","webkit","2026-01-15","passed","2026-01-15","SauceDemo Cart Tests > Cart Display Details","ui/cart/cart.spec.ts","",""
"","1583","should display product names correctly","webkit","2026-01-15","passed","2026-01-15","SauceDemo Product Tests > Product Information","ui/products/products.spec.ts","",""
"","1962","should verify item count","webkit","2026-01-15","passed","2026-01-15","SauceDemo Checkout Tests > Order Summary","ui/checkout/checkout.spec.ts","",""
"","1841","should maintain items across navigation","Mobile Safari","2026-01-15","passed","2026-01-15","SauceDemo Cart Tests > Cart Persistence","ui/cart/cart.spec.ts","",""
"","1257","should calculate subtotal correctly","chromium","2026-01-15","passed","2026-01-15","SauceDemo Checkout Tests > Checkout Overview","ui/checkout/checkout.spec.ts","",""
"","1338","should fill fields separately","Mobile Chrome","2026-01-15","passed","2026-01-15","SauceDemo Checkout Tests > Valid Checkout Information","ui/checkout/checkout.spec.ts","",""
"","1964","should maintain items across navigation","webkit","2026-01-15","passed","2026-01-15","SauceDemo Cart Tests > Cart Persistence","ui/cart/cart.spec.ts","",""
"","1290","should show error for empty username","Mobile Safari","2026-01-15","passed","2026-01-15","SauceDemo Login Tests > Empty Field Validation","ui/auth/login.spec.ts","",""
"","1290","should navigate to cart from products","firefox","2026-01-15","passed","2026-01-15","SauceDemo Cart Tests > Cart Navigation","ui/cart/cart.spec.ts","",""
"","1641","should sort products Z to A","webkit","2026-01-15","passed","2026-01-15","SauceDemo Product Tests > Sorting Functionality","ui/products/products.spec.ts","",""
"","1847","should calculate subtotal correctly","webkit","2026-01-15","passed","2026-01-15","SauceDemo Checkout Tests > Checkout Overview","ui/checkout/checkout.spec.ts","",""
"","1411","User #2 - login test (locked_out_user)","webkit","2026-01-15","passed","2026-01-15","SauceDemo Login with Multiple Users @smoke","ui/auth/loginWithDDT.spec.ts","",""
"","1191","User #1 - login test (standard_user)","Mobile Chrome","2026-01-15","passed","2026-01-15","SauceDemo Login with Multiple Users @smoke","ui/auth/loginWithDDT.spec.ts","",""
"","1139","should calculate multiple items total","chromium","2026-01-15","passed","2026-01-15","SauceDemo Cart Tests > Cart Calculations","ui/cart/cart.spec.ts","",""
"","150","should get all users","chromium","2026-01-15","passed","2026-01-15","JSONPlaceholder - Users Tests","api/jsonplaceholder.spec.ts","",""
"","1934","should show complete order summary","webkit","2026-01-15","passed","2026-01-15","SauceDemo Checkout Tests > Order Summary","ui/checkout/checkout.spec.ts","",""
"","1280","should sort price high to low","Mobile Chrome","2026-01-15","passed","2026-01-15","SauceDemo Product Tests > Sorting Functionality","ui/products/products.spec.ts","",""
"","1386","should navigate to cart from products","webkit","2026-01-15","passed","2026-01-15","SauceDemo Cart Tests > Cart Navigation","ui/cart/cart.spec.ts","",""
"","1250","should login with problem user","firefox","2026-01-15","passed","2026-01-15","SauceDemo Login Tests > Valid Login Scenarios","ui/auth/login.spec.ts","",""
"","1095","should handle wrong username format","Mobile Chrome","2026-01-15","passed","2026-01-15","SauceDemo Login Tests > Invalid Credentials Handling","ui/auth/login.spec.ts","",""
"","1197","should sort products A to Z","chromium","2026-01-15","passed","2026-01-15","SauceDemo Product Tests > Sorting Functionality","ui/products/products.spec.ts","",""
"","1222","should persist form field data","Mobile Chrome","2026-01-15","passed","2026-01-15","SauceDemo Checkout Tests > Checkout Navigation","ui/checkout/checkout.spec.ts","",""
"","1877","should decrement cart badge when removing","firefox","2026-01-15","passed","2026-01-15","SauceDemo Product Tests > Remove from Cart Operations","ui/products/products.spec.ts","",""
"","6645","should login with performance glitch user","Mobile Safari","2026-01-15","passed","2026-01-15","SauceDemo Login Tests > Valid Login Scenarios","ui/auth/login.spec.ts","",""
"","1587","User #1 - login test (standard_user)","webkit","2026-01-15","passed","2026-01-15","SauceDemo Login with Multiple Users @smoke","ui/auth/loginWithDDT.spec.ts","",""
"","1076","should show error for invalid username","Mobile Chrome","2026-01-15","passed","2026-01-15","SauceDemo Login Tests > Invalid Credentials Handling","ui/auth/login.spec.ts","",""
"","27","should create a new post","firefox","2026-01-15","passed","2026-01-15","JSONPlaceholder - Posts Tests","api/jsonplaceholder.spec.ts","",""
"","1539","should sort products Z to A","Mobile Safari","2026-01-15","passed","2026-01-15","SauceDemo Product Tests > Sorting Functionality","ui/products/products.spec.ts","",""
"","1522","should login with visual user","webkit","2026-01-15","passed","2026-01-15","SauceDemo Login Tests > Valid Login Scenarios","ui/auth/login.spec.ts","",""
"","79","should get all users","Mobile Chrome","2026-01-15","passed","2026-01-15","JSONPlaceholder - Users Tests","api/jsonplaceholder.spec.ts","",""
"","1182","should display all product prices","chromium","2026-01-15","passed","2026-01-15","SauceDemo Product Tests > Product Display Verification","ui/products/products.spec.ts","",""
"","1130","should show error for empty password","firefox","2026-01-15","passed","2026-01-15","SauceDemo Login Tests > Empty Field Validation","ui/auth/login.spec.ts","",""
"","1252","should have default sort as A-Z","firefox","2026-01-15","passed","2026-01-15","SauceDemo Product Tests > Sorting Functionality","ui/products/products.spec.ts","",""
"","1107","should be case sensitive","Mobile Chrome","2026-01-15","passed","2026-01-15","SauceDemo Login Tests > Invalid Credentials Handling","ui/auth/login.spec.ts","",""
"","43","should update an existing post","chromium","2026-01-15","passed","2026-01-15","JSONPlaceholder - Posts Tests","api/jsonplaceholder.spec.ts","",""
"","25","should delete a post","Mobile Safari","2026-01-15","passed","2026-01-15","JSONPlaceholder - Posts Tests","api/jsonplaceholder.spec.ts","",""
"","1270","should complete order successfully","chromium","2026-01-15","passed","2026-01-15","SauceDemo Checkout Tests > Complete Order","ui/checkout/checkout.spec.ts","",""
"","1853","should complete entire purchase flow","Mobile Safari","2026-01-15","passed","2026-01-15","SauceDemo Checkout Tests > End-to-End Scenarios","ui/checkout/checkout.spec.ts","",""
"","1781","should have default sort as A-Z","webkit","2026-01-15","passed","2026-01-15","SauceDemo Product Tests > Sorting Functionality","ui/products/products.spec.ts","",""
"","1568","should display page title","webkit","2026-01-15","passed","2026-01-15","SauceDemo Product Tests > Product Display Verification","ui/products/products.spec.ts","",""
"","1156","should add multiple items","chromium","2026-01-15","passed","2026-01-15","SauceDemo Cart Tests > Add Items to Cart","ui/cart/cart.spec.ts","",""
"","1101","should show correct cart badge count","chromium","2026-01-15","passed","2026-01-15","SauceDemo Cart Tests > Cart Calculations","ui/cart/cart.spec.ts","",""
"","2207","should add all items","Mobile Safari","2026-01-15","passed","2026-01-15","SauceDemo Cart Tests > Add Items to Cart","ui/cart/cart.spec.ts","",""
"","1970","should show correct cart badge count","webkit","2026-01-15","passed","2026-01-15","SauceDemo Cart Tests > Cart Calculations","ui/cart/cart.spec.ts","",""
"","1127","should show error for invalid password","Mobile Chrome","2026-01-15","passed","2026-01-15","SauceDemo Login Tests > Invalid Credentials Handling","ui/auth/login.spec.ts","",""
"","1426","should sort price low to high","Mobile Safari","2026-01-15","passed","2026-01-15","SauceDemo Product Tests > Sorting Functionality","ui/products/products.spec.ts","",""
"","1234","should calculate tax correctly","chromium","2026-01-15","passed","2026-01-15","SauceDemo Checkout Tests > Checkout Overview","ui/checkout/checkout.spec.ts","",""
"","2355","should display payment information","firefox","2026-01-15","passed","2026-01-15","SauceDemo Checkout Tests > Checkout Overview","ui/checkout/checkout.spec.ts","",""
"","1291","should complete entire purchase flow","chromium","2026-01-15","passed","2026-01-15","SauceDemo Checkout Tests > End-to-End Scenarios","ui/checkout/checkout.spec.ts","",""
"","5233","upload multiple files","chromium","2026-01-15","failed","2026-01-15","File Upload Tests","ui/file-operations/upload.spec.ts","",""
"","1944","should complete entire purchase flow","webkit","2026-01-15","passed","2026-01-15","SauceDemo Checkout Tests > End-to-End Scenarios","ui/checkout/checkout.spec.ts","",""
"","1635","should sort products A to Z","webkit","2026-01-15","passed","2026-01-15","SauceDemo Product Tests > Sorting Functionality","ui/products/products.spec.ts","",""
"","1150","should sort products Z to A","chromium","2026-01-15","passed","2026-01-15","SauceDemo Product Tests > Sorting Functionality","ui/products/products.spec.ts","",""
"","1315","User #2 - login test (locked_out_user)","Mobile Safari","2026-01-15","passed","2026-01-15","SauceDemo Login with Multiple Users @smoke","ui/auth/loginWithDDT.spec.ts","",""
"","1646","should sort price low to high","webkit","2026-01-15","passed","2026-01-15","SauceDemo Product Tests > Sorting Functionality","ui/products/products.spec.ts","",""
"","73","should get all users","firefox","2026-01-15","passed","2026-01-15","JSONPlaceholder - Users Tests","api/jsonplaceholder.spec.ts","",""
"","1063","User #2 - login test (locked_out_user)","Mobile Chrome","2026-01-15","passed","2026-01-15","SauceDemo Login with Multiple Users @smoke","ui/auth/loginWithDDT.spec.ts","",""
"","1518","should purchase multiple products","Mobile Chrome","2026-01-15","passed","2026-01-15","SauceDemo Checkout Tests > End-to-End Scenarios","ui/checkout/checkout.spec.ts","",""
"","1429","should handle wrong username format","webkit","2026-01-15","passed","2026-01-15","SauceDemo Login Tests > Invalid Credentials Handling","ui/auth/login.spec.ts","",""
"","11674","should update cart badge when adding items","Mobile Chrome","2026-01-15","passed","2026-01-15","SauceDemo Product Tests > Add to Cart Operations","ui/products/products.spec.ts","",""
"","1302","should show error for missing postal code","chromium","2026-01-15","passed","2026-01-15","SauceDemo Checkout Tests > Form Field Validation","ui/checkout/checkout.spec.ts","",""
"","1902","should show empty cart after removing all","webkit","2026-01-15","passed","2026-01-15","SauceDemo Cart Tests > Empty Cart Scenarios","ui/cart/cart.spec.ts","",""
"","11867","should update cart badge when adding items","firefox","2026-01-15","passed","2026-01-15","SauceDemo Product Tests > Add to Cart Operations","ui/products/products.spec.ts","",""
"","23","should get all posts","webkit","2026-01-15","passed","2026-01-15","JSONPlaceholder - Posts Tests","api/jsonplaceholder.spec.ts","",""
"","1242","should show product description in cart","chromium","2026-01-15","passed","2026-01-15","SauceDemo Cart Tests > Cart Item Details","ui/cart/cart.spec.ts","",""
"","1305","should display correct item prices","Mobile Chrome","2026-01-15","passed","2026-01-15","SauceDemo Checkout Tests > Checkout Overview","ui/checkout/checkout.spec.ts","",""
"","1344","should verify product in cart","firefox","2026-01-15","passed","2026-01-15","SauceDemo Cart Tests > Verification Methods","ui/cart/cart.spec.ts","",""
"","1506","should calculate single item total","firefox","2026-01-15","passed","2026-01-15","SauceDemo Cart Tests > Cart Calculations","ui/cart/cart.spec.ts","",""
"","1182","should show error for empty username","firefox","2026-01-15","passed","2026-01-15","SauceDemo Login Tests > Empty Field Validation","ui/auth/login.spec.ts","",""
"","1143","should remove from cart page","chromium","2026-01-15","passed","2026-01-15","SauceDemo Cart Tests > Remove Items from Cart","ui/cart/cart.spec.ts","",""
"","25","should delete a post","chromium","2026-01-15","passed","2026-01-15","JSONPlaceholder - Posts Tests","api/jsonplaceholder.spec.ts","",""
"","1349","should decrement cart badge when removing","Mobile Chrome","2026-01-15","passed","2026-01-15","SauceDemo Product Tests > Remove from Cart Operations","ui/products/products.spec.ts","",""
"","11806","should remove single product from cart","chromium","2026-01-15","passed","2026-01-15","SauceDemo Product Tests > Remove from Cart Operations","ui/products/products.spec.ts","",""
"","1864","should add multiple products to cart","webkit","2026-01-15","passed","2026-01-15","SauceDemo Product Tests > Add to Cart Operations","ui/products/products.spec.ts","",""
"","1291","should accept special characters in names","chromium","2026-01-15","passed","2026-01-15","SauceDemo Checkout Tests > Valid Checkout Information","ui/checkout/checkout.spec.ts","",""
"","32","should get all posts","chromium","2026-01-15","passed","2026-01-15","JSONPlaceholder - Posts Tests","api/jsonplaceholder.spec.ts","",""
"","1932","should show confirmation message","Mobile Safari","2026-01-15","passed","2026-01-15","SauceDemo Checkout Tests > Complete Order","ui/checkout/checkout.spec.ts","",""
"","1168","should add single item","chromium","2026-01-15","passed","2026-01-15","SauceDemo Cart Tests > Add Items to Cart","ui/cart/cart.spec.ts","",""
"","2025","should accept special characters in names","webkit","2026-01-15","passed","2026-01-15","SauceDemo Checkout Tests > Valid Checkout Information","ui/checkout/checkout.spec.ts","",""
"","1533","should remove from cart page","webkit","2026-01-15","passed","2026-01-15","SauceDemo Cart Tests > Remove Items from Cart","ui/cart/cart.spec.ts","",""
"","1231","should cancel from checkout","Mobile Chrome","2026-01-15","passed","2026-01-15","SauceDemo Checkout Tests > Checkout Navigation","ui/checkout/checkout.spec.ts","",""
"","1384","should remove from cart page","firefox","2026-01-15","passed","2026-01-15","SauceDemo Cart Tests > Remove Items from Cart","ui/cart/cart.spec.ts","",""
"","2049","should complete order successfully","webkit","2026-01-15","passed","2026-01-15","SauceDemo Checkout Tests > Complete Order","ui/checkout/checkout.spec.ts","",""
"","1640","should login with problem user","webkit","2026-01-15","passed","2026-01-15","SauceDemo Login Tests > Valid Login Scenarios","ui/auth/login.spec.ts","",""
"","1111","should login with problem user","chromium","2026-01-15","passed","2026-01-15","SauceDemo Login Tests > Valid Login Scenarios","ui/auth/login.spec.ts","",""
"","1095","should navigate to product detail","chromium","2026-01-15","passed","2026-01-15","SauceDemo Product Tests > Product Navigation","ui/products/products.spec.ts","",""
"","2108","should complete order successfully","firefox","2026-01-15","passed","2026-01-15","SauceDemo Checkout Tests > Complete Order","ui/checkout/checkout.spec.ts","",""
"","1599","should add product by index","Mobile Safari","2026-01-15","passed","2026-01-15","SauceDemo Product Tests > Add to Cart Operations","ui/products/products.spec.ts","",""
"","11830","should update cart badge when adding items","Mobile Safari","2026-01-15","passed","2026-01-15","SauceDemo Product Tests > Add to Cart Operations","ui/products/products.spec.ts","",""
"","1238","should add single product to cart","Mobile Chrome","2026-01-15","passed","2026-01-15","SauceDemo Product Tests > Add to Cart Operations","ui/products/products.spec.ts","",""
"","1266","should dismiss error message","Mobile Chrome","2026-01-15","passed","2026-01-15","SauceDemo Checkout Tests > Form Field Validation","ui/checkout/checkout.spec.ts","",""
"","42","should update an existing post","Mobile Chrome","2026-01-15","passed","2026-01-15","JSONPlaceholder - Posts Tests","api/jsonplaceholder.spec.ts","",""
"","1338","should be case sensitive","Mobile Safari","2026-01-15","passed","2026-01-15","SauceDemo Login Tests > Invalid Credentials Handling","ui/auth/login.spec.ts","",""
"","1248","should add multiple items","Mobile Chrome","2026-01-15","passed","2026-01-15","SauceDemo Cart Tests > Add Items to Cart","ui/cart/cart.spec.ts","",""
"","1378","should show empty cart after removing all","firefox","2026-01-15","passed","2026-01-15","SauceDemo Cart Tests > Empty Cart Scenarios","ui/cart/cart.spec.ts","",""
"","1591","should add multiple products to cart","Mobile Safari","2026-01-15","passed","2026-01-15","SauceDemo Product Tests > Add to Cart Operations","ui/products/products.spec.ts","",""
"","1393","should display all product names","Mobile Safari","2026-01-15","passed","2026-01-15","SauceDemo Product Tests > Product Display Verification","ui/products/products.spec.ts","",""
"","1143","should calculate single item total","Mobile Chrome","2026-01-15","passed","2026-01-15","SauceDemo Cart Tests > Cart Calculations","ui/cart/cart.spec.ts","",""
"","1443","should show error for invalid username","webkit","2026-01-15","passed","2026-01-15","SauceDemo Login Tests > Invalid Credentials Handling","ui/auth/login.spec.ts","",""
"","1439","should add multiple items","firefox","2026-01-15","passed","2026-01-15","SauceDemo Cart Tests > Add Items to Cart","ui/cart/cart.spec.ts","",""
"","1441","should have correct product count","Mobile Safari","2026-01-15","passed","2026-01-15","SauceDemo Product Tests > Product Display Verification","ui/products/products.spec.ts","",""
"","1844","should accept various postal code formats","Mobile Safari","2026-01-15","passed","2026-01-15","SauceDemo Checkout Tests > Valid Checkout Information","ui/checkout/checkout.spec.ts","",""
"","1157","should have correct product details","Mobile Chrome","2026-01-15","passed","2026-01-15","SauceDemo Product Tests > Product Information","ui/products/products.spec.ts","",""
"","1515","should calculate subtotal correctly","firefox","2026-01-15","passed","2026-01-15","SauceDemo Checkout Tests > Checkout Overview","ui/checkout/checkout.spec.ts","",""
"","1558","should sort price high to low","Mobile Safari","2026-01-15","passed","2026-01-15","SauceDemo Product Tests > Sorting Functionality","ui/products/products.spec.ts","",""
"","1801","should display payment information","webkit","2026-01-15","passed","2026-01-15","SauceDemo Checkout Tests > Checkout Overview","ui/checkout/checkout.spec.ts","",""
"","1331","should add all items","chromium","2026-01-15","passed","2026-01-15","SauceDemo Cart Tests > Add Items to Cart","ui/cart/cart.spec.ts","",""
"","1333","should have visible product container","firefox","2026-01-15","passed","2026-01-15","SauceDemo Product Tests > Product Display Verification","ui/products/products.spec.ts","",""
"","1352","should navigate to cart","firefox","2026-01-15","passed","2026-01-15","SauceDemo Product Tests > Product Navigation","ui/products/products.spec.ts","",""
"","1366","should display product names correctly","Mobile Safari","2026-01-15","passed","2026-01-15","SauceDemo Product Tests > Product Information","ui/products/products.spec.ts","",""
"","1568","should go back to cart","firefox","2026-01-15","passed","2026-01-15","SauceDemo Checkout Tests > Checkout Navigation","ui/checkout/checkout.spec.ts","",""
"","1510","should remove multiple items","Mobile Safari","2026-01-15","passed","2026-01-15","SauceDemo Cart Tests > Remove Items from Cart","ui/cart/cart.spec.ts","",""
"","3389","should sort price low to high new","chromium","2026-01-14","passed","2026-01-14","SauceDemo Product Tests > Sorting Functionality","ui/products/products.spec.ts","",""
"","1501","should accept special characters in names","firefox","2026-01-15","passed","2026-01-15","SauceDemo Checkout Tests > Valid Checkout Information","ui/checkout/checkout.spec.ts","",""
"","1290","should accept special characters in names","Mobile Chrome","2026-01-15","passed","2026-01-15","SauceDemo Checkout Tests > Valid Checkout Information","ui/checkout/checkout.spec.ts","",""
"","6783","should login with performance glitch user","chromium","2026-01-15","passed","2026-01-15","SauceDemo Login Tests > Valid Login Scenarios","ui/auth/login.spec.ts","",""
"","1090","should login with error user","chromium","2026-01-15","passed","2026-01-15","SauceDemo Login Tests > Valid Login Scenarios","ui/auth/login.spec.ts","",""
"","1384","should remove all items","firefox","2026-01-15","passed","2026-01-15","SauceDemo Cart Tests > Remove Items from Cart","ui/cart/cart.spec.ts","",""
"","1647","should add all items","firefox","2026-01-15","passed","2026-01-15","SauceDemo Cart Tests > Add Items to Cart","ui/cart/cart.spec.ts","",""
"","1886","upload multiple files","Mobile Chrome","2026-01-15","failed","2026-01-15","File Upload Tests","ui/file-operations/upload.spec.ts","",""
"","1683","should display all product prices","webkit","2026-01-15","passed","2026-01-15","SauceDemo Product Tests > Product Display Verification","ui/products/products.spec.ts","",""
"","1726","should display item details correctly","Mobile Safari","2026-01-15","passed","2026-01-15","SauceDemo Cart Tests > Cart Item Details","ui/cart/cart.spec.ts","",""
"","1166","should persist form field data","chromium","2026-01-15","passed","2026-01-15","SauceDemo Checkout Tests > Checkout Navigation","ui/checkout/checkout.spec.ts","",""
"","1210","should display item details correctly","chromium","2026-01-15","passed","2026-01-15","SauceDemo Cart Tests > Cart Item Details","ui/cart/cart.spec.ts","",""
"","1199","User #1 - login test (standard_user)","chromium","2026-01-15","passed","2026-01-15","SauceDemo Login with Multiple Users @smoke","ui/auth/loginWithDDT.spec.ts","",""
"","2023","should logout successfully","chromium","2026-01-15","passed","2026-01-15","SauceDemo Product Tests > User Menu","ui/products/products.spec.ts","",""
"","2956","should purchase multiple products","firefox","2026-01-15","passed","2026-01-15","SauceDemo Checkout Tests > End-to-End Scenarios","ui/checkout/checkout.spec.ts","",""
"","1450","User #4 - login test (invalid_user)","webkit","2026-01-15","passed","2026-01-15","SauceDemo Login with Multiple Users @smoke","ui/auth/loginWithDDT.spec.ts","",""
"","1760","should calculate tax correctly","Mobile Safari","2026-01-15","passed","2026-01-15","SauceDemo Checkout Tests > Checkout Overview","ui/checkout/checkout.spec.ts","",""
"","1131","should display page title","Mobile Chrome","2026-01-15","passed","2026-01-15","SauceDemo Product Tests > Product Display Verification","ui/products/products.spec.ts","",""
"","1256","should go back to cart","chromium","2026-01-15","passed","2026-01-15","SauceDemo Checkout Tests > Checkout Navigation","ui/checkout/checkout.spec.ts","",""
"","1568","should remove multiple items","webkit","2026-01-15","passed","2026-01-15","SauceDemo Cart Tests > Remove Items from Cart","ui/cart/cart.spec.ts","",""
"","24","should get all albums","Mobile Chrome","2026-01-15","passed","2026-01-15","JSONPlaceholder - Album & Photos Tests","api/jsonplaceholder.spec.ts","",""
"","719","download file and read content","firefox","2026-01-15","passed","2026-01-15","File Download Tests","ui/file-operations/download.spec.ts","",""
"","477","handle download failure","chromium","2026-01-15","passed","2026-01-15","File Download Tests","ui/file-operations/download.spec.ts","",""
"","63","should get photos for album","Mobile Chrome","2026-01-15","passed","2026-01-15","JSONPlaceholder - Album & Photos Tests","api/jsonplaceholder.spec.ts","",""
"","1907","should display correct item prices","webkit","2026-01-15","passed","2026-01-15","SauceDemo Checkout Tests > Checkout Overview","ui/checkout/checkout.spec.ts","",""
"","2014","should complete with valid data","webkit","2026-01-15","passed","2026-01-15","SauceDemo Checkout Tests > Valid Checkout Information","ui/checkout/checkout.spec.ts","",""
"","1626","should purchase multiple products","chromium","2026-01-15","passed","2026-01-15","SauceDemo Checkout Tests > End-to-End Scenarios","ui/checkout/checkout.spec.ts","",""
"","1905","should verify total matches subtotal plus tax","webkit","2026-01-15","passed","2026-01-15","SauceDemo Checkout Tests > Order Summary","ui/checkout/checkout.spec.ts","",""
"","1098","should navigate to cart from products","Mobile Chrome","2026-01-15","passed","2026-01-15","SauceDemo Cart Tests > Cart Navigation","ui/cart/cart.spec.ts","",""
"","2669","upload multiple files","firefox","2026-01-15","failed","2026-01-15","File Upload Tests","ui/file-operations/upload.spec.ts","",""
"","11928","should remove from products page","chromium","2026-01-15","passed","2026-01-15","SauceDemo Cart Tests > Remove Items from Cart","ui/cart/cart.spec.ts","",""
"","1067","upload single file","Mobile Safari","2026-01-15","passed","2026-01-15","File Upload Tests","ui/file-operations/upload.spec.ts","",""
"","1561","User #3 - login test (problem_user)","webkit","2026-01-15","passed","2026-01-15","SauceDemo Login with Multiple Users @smoke","ui/auth/loginWithDDT.spec.ts","",""
"","1234","should verify cart contents","Mobile Chrome","2026-01-15","passed","2026-01-15","SauceDemo Cart Tests > Verification Methods","ui/cart/cart.spec.ts","",""
"","1591","should display all product names","webkit","2026-01-15","passed","2026-01-15","SauceDemo Product Tests > Product Display Verification","ui/products/products.spec.ts","",""
"","4772","upload multiple files","webkit","2026-01-15","failed","2026-01-15","File Upload Tests","ui/file-operations/upload.spec.ts","",""
"","1348","should show error for invalid password","Mobile Safari","2026-01-15","passed","2026-01-15","SauceDemo Login Tests > Invalid Credentials Handling","ui/auth/login.spec.ts","",""
"","1163","should remove multiple items","chromium","2026-01-15","passed","2026-01-15","SauceDemo Cart Tests > Remove Items from Cart","ui/cart/cart.spec.ts","",""
"","1189","should show empty cart after removing all","chromium","2026-01-15","passed","2026-01-15","SauceDemo Cart Tests > Empty Cart Scenarios","ui/cart/cart.spec.ts","",""
"","1225","should show error for all fields empty","chromium","2026-01-15","passed","2026-01-15","SauceDemo Checkout Tests > Form Field Validation","ui/checkout/checkout.spec.ts","",""
"","1174","should display all product prices","Mobile Chrome","2026-01-15","passed","2026-01-15","SauceDemo Product Tests > Product Display Verification","ui/products/products.spec.ts","",""
"","11847","should remove from products page","Mobile Chrome","2026-01-15","passed","2026-01-15","SauceDemo Cart Tests > Remove Items from Cart","ui/cart/cart.spec.ts","",""
"","91","should create a new post","Mobile Chrome","2026-01-15","passed","2026-01-15","JSONPlaceholder - Posts Tests","api/jsonplaceholder.spec.ts","",""
"","1616","should have correct product count","webkit","2026-01-15","passed","2026-01-15","SauceDemo Product Tests > Product Display Verification","ui/products/products.spec.ts","",""
"","1205","upload single file","webkit","2026-01-15","passed","2026-01-15","File Upload Tests","ui/file-operations/upload.spec.ts","",""
"","1651","should add single product to cart","Mobile Safari","2026-01-15","passed","2026-01-15","SauceDemo Product Tests > Add to Cart Operations","ui/products/products.spec.ts","",""
"","1817","should have finish button enabled","Mobile Safari","2026-01-15","passed","2026-01-15","SauceDemo Checkout Tests > Complete Order","ui/checkout/checkout.spec.ts","",""
"","488","download file and verify","chromium","2026-01-15","passed","2026-01-15","File Download Tests","ui/file-operations/download.spec.ts","",""
"","1738","should dismiss error message","Mobile Safari","2026-01-15","passed","2026-01-15","SauceDemo Checkout Tests > Form Field Validation","ui/checkout/checkout.spec.ts","",""
"","11350","should remove from products page","firefox","2026-01-15","passed","2026-01-15","SauceDemo Cart Tests > Remove Items from Cart","ui/cart/cart.spec.ts","",""
"","1410","should show error for invalid username","Mobile Safari","2026-01-15","passed","2026-01-15","SauceDemo Login Tests > Invalid Credentials Handling","ui/auth/login.spec.ts","",""
"","3211","upload multiple files","Mobile Safari","2026-01-15","failed","2026-01-15","File Upload Tests","ui/file-operations/upload.spec.ts","",""
"","1157","should add product by index","chromium","2026-01-15","passed","2026-01-15","SauceDemo Product Tests > Add to Cart Operations","ui/products/products.spec.ts","",""
"","50","should get photos for album","firefox","2026-01-15","passed","2026-01-15","JSONPlaceholder - Album & Photos Tests","api/jsonplaceholder.spec.ts","",""
"","1118","should login with error user","Mobile Chrome","2026-01-15","passed","2026-01-15","SauceDemo Login Tests > Valid Login Scenarios","ui/auth/login.spec.ts","",""
"","80","should get all users","webkit","2026-01-15","passed","2026-01-15","JSONPlaceholder - Users Tests","api/jsonplaceholder.spec.ts","",""
"","1756","should show correct cart badge count","Mobile Safari","2026-01-15","passed","2026-01-15","SauceDemo Cart Tests > Cart Calculations","ui/cart/cart.spec.ts","",""
"","1164","should sort price low to high","Mobile Chrome","2026-01-15","passed","2026-01-15","SauceDemo Product Tests > Sorting Functionality","ui/products/products.spec.ts","",""
"","1646","should show error for missing last name","firefox","2026-01-15","passed","2026-01-15","SauceDemo Checkout Tests > Form Field Validation","ui/checkout/checkout.spec.ts","",""
"","1826","should verify total matches subtotal plus tax","Mobile Safari","2026-01-15","passed","2026-01-15","SauceDemo Checkout Tests > Order Summary","ui/checkout/checkout.spec.ts","",""
"","33","should get comments for a post","Mobile Safari","2026-01-15","passed","2026-01-15","JSONPlaceholder - Comments Tests","api/jsonplaceholder.spec.ts","",""
"","31","should get all todos","Mobile Safari","2026-01-15","passed","2026-01-15","JSONPlaceholder - Todos Tests","api/jsonplaceholder.spec.ts","",""
"","1041","should navigate to cart from products","chromium","2026-01-15","passed","2026-01-15","SauceDemo Cart Tests > Cart Navigation","ui/cart/cart.spec.ts","",""
"","1152","should navigate back and forth","chromium","2026-01-15","passed","2026-01-15","SauceDemo Cart Tests > Cart Navigation","ui/cart/cart.spec.ts","",""
"","1446","should login with standard user","Mobile Safari","2026-01-15","passed","2026-01-15","SauceDemo Login Tests > Valid Login Scenarios","ui/auth/login.spec.ts","",""
"","1476","should login with problem user","Mobile Safari","2026-01-15","passed","2026-01-15","SauceDemo Login Tests > Valid Login Scenarios","ui/auth/login.spec.ts","",""
"","1346","should display product names correctly","firefox","2026-01-15","passed","2026-01-15","SauceDemo Product Tests > Product Information","ui/products/products.spec.ts","",""
"","1551","should remove all items","Mobile Safari","2026-01-15","passed","2026-01-15","SauceDemo Cart Tests > Remove Items from Cart","ui/cart/cart.spec.ts","",""
"","2397","should login with standard user","firefox","2026-01-15","passed","2026-01-15","SauceDemo Login Tests > Valid Login Scenarios","ui/auth/login.spec.ts","",""
"","1129","should display product prices correctly","Mobile Chrome","2026-01-15","passed","2026-01-15","SauceDemo Product Tests > Product Information","ui/products/products.spec.ts","",""
"","1424","should reject SQL injection attempts","webkit","2026-01-15","passed","2026-01-15","SauceDemo Login Tests > Invalid Credentials Handling","ui/auth/login.spec.ts","",""
"","2542","should logout successfully","firefox","2026-01-15","passed","2026-01-15","SauceDemo Product Tests > User Menu","ui/products/products.spec.ts","",""
"","11937","should update cart badge when adding items","webkit","2026-01-15","passed","2026-01-15","SauceDemo Product Tests > Add to Cart Operations","ui/products/products.spec.ts","",""
"","1229","should display payment information","chromium","2026-01-15","passed","2026-01-15","SauceDemo Checkout Tests > Checkout Overview","ui/checkout/checkout.spec.ts","",""
"","572","download file and verify","firefox","2026-01-15","passed","2026-01-15","File Download Tests","ui/file-operations/download.spec.ts","",""
"","1310","should dismiss error message","chromium","2026-01-15","passed","2026-01-15","SauceDemo Checkout Tests > Form Field Validation","ui/checkout/checkout.spec.ts","",""
"","1556","should verify cart contents","firefox","2026-01-15","passed","2026-01-15","SauceDemo Cart Tests > Verification Methods","ui/cart/cart.spec.ts","",""
"","108","should get completed todos","chromium","2026-01-15","passed","2026-01-15","JSONPlaceholder - Todos Tests","api/jsonplaceholder.spec.ts","",""
"","1481","should navigate back and forth","Mobile Safari","2026-01-15","passed","2026-01-15","SauceDemo Cart Tests > Cart Navigation","ui/cart/cart.spec.ts","",""
"","1190","should add multiple products to cart","chromium","2026-01-15","passed","2026-01-15","SauceDemo Product Tests > Add to Cart Operations","ui/products/products.spec.ts","",""
"","51","should get photos for album","webkit","2026-01-15","passed","2026-01-15","JSONPlaceholder - Album & Photos Tests","api/jsonplaceholder.spec.ts","",""
"","1281","should login with error user","firefox","2026-01-15","passed","2026-01-15","SauceDemo Login Tests > Valid Login Scenarios","ui/auth/login.spec.ts","",""
"","94","should get photos for album","chromium","2026-01-15","passed","2026-01-15","JSONPlaceholder - Album & Photos Tests","api/jsonplaceholder.spec.ts","",""
"","1153","User #4 - login test (invalid_user)","firefox","2026-01-15","passed","2026-01-15","SauceDemo Login with Multiple Users @smoke","ui/auth/loginWithDDT.spec.ts","",""
"","1710","should have correct product details","webkit","2026-01-15","passed","2026-01-15","SauceDemo Product Tests > Product Information","ui/products/products.spec.ts","",""
"","1362","should show error for locked out user","Mobile Safari","2026-01-15","passed","2026-01-15","SauceDemo Login Tests > Invalid Credentials Handling","ui/auth/login.spec.ts","",""
"","1331","should fill fields separately","chromium","2026-01-15","passed","2026-01-15","SauceDemo Checkout Tests > Valid Checkout Information","ui/checkout/checkout.spec.ts","",""
"","1127","should display all products","Mobile Chrome","2026-01-15","passed","2026-01-15","SauceDemo Product Tests > Product Display Verification","ui/products/products.spec.ts","",""
"","1268","should show error for all fields empty","Mobile Chrome","2026-01-15","passed","2026-01-15","SauceDemo Checkout Tests > Form Field Validation","ui/checkout/checkout.spec.ts","",""
"","1719","should persist form field data","Mobile Safari","2026-01-15","passed","2026-01-15","SauceDemo Checkout Tests > Checkout Navigation","ui/checkout/checkout.spec.ts","",""
"","1868","should display shipping information","Mobile Safari","2026-01-15","passed","2026-01-15","SauceDemo Checkout Tests > Order Summary","ui/checkout/checkout.spec.ts","",""
"","1129","should have visible product container","Mobile Chrome","2026-01-15","passed","2026-01-15","SauceDemo Product Tests > Product Display Verification","ui/products/products.spec.ts","",""
"","1494","should show error for missing first name","firefox","2026-01-15","passed","2026-01-15","SauceDemo Checkout Tests > Form Field Validation","ui/checkout/checkout.spec.ts","",""
"","1377","should show correct cart badge count","firefox","2026-01-15","passed","2026-01-15","SauceDemo Cart Tests > Cart Calculations","ui/cart/cart.spec.ts","",""
"","1951","should display item names","webkit","2026-01-15","passed","2026-01-15","SauceDemo Checkout Tests > Checkout Overview","ui/checkout/checkout.spec.ts","",""
"","1504","should accept various postal code formats","firefox","2026-01-15","passed","2026-01-15","SauceDemo Checkout Tests > Valid Checkout Information","ui/checkout/checkout.spec.ts","",""
"","1841","should calculate subtotal correctly","Mobile Safari","2026-01-15","passed","2026-01-15","SauceDemo Checkout Tests > Checkout Overview","ui/checkout/checkout.spec.ts","",""
"","1480","should show complete order summary","firefox","2026-01-15","passed","2026-01-15","SauceDemo Checkout Tests > Order Summary","ui/checkout/checkout.spec.ts","",""
"","2256","should add all items","webkit","2026-01-15","passed","2026-01-15","SauceDemo Cart Tests > Add Items to Cart","ui/cart/cart.spec.ts","",""
"","1279","should display payment information","Mobile Chrome","2026-01-15","passed","2026-01-15","SauceDemo Checkout Tests > Checkout Overview","ui/checkout/checkout.spec.ts","",""
"","1209","User #2 - login test (locked_out_user)","firefox","2026-01-15","passed","2026-01-15","SauceDemo Login with Multiple Users @smoke","ui/auth/loginWithDDT.spec.ts","",""
"","1357","should calculate multiple items total","firefox","2026-01-15","passed","2026-01-15","SauceDemo Cart Tests > Cart Calculations","ui/cart/cart.spec.ts","",""
"","11682","should remove single product from cart","Mobile Chrome","2026-01-15","passed","2026-01-15","SauceDemo Product Tests > Remove from Cart Operations","ui/products/products.spec.ts","",""
"","1928","should dismiss error message","webkit","2026-01-15","passed","2026-01-15","SauceDemo Checkout Tests > Form Field Validation","ui/checkout/checkout.spec.ts","",""
"","1808","should show empty cart after removing all","Mobile Safari","2026-01-15","passed","2026-01-15","SauceDemo Cart Tests > Empty Cart Scenarios","ui/cart/cart.spec.ts","",""
"","39","should update an existing post","firefox","2026-01-15","passed","2026-01-15","JSONPlaceholder - Posts Tests","api/jsonplaceholder.spec.ts","",""
"","1097","should show error for locked out user","chromium","2026-01-15","passed","2026-01-15","SauceDemo Login Tests > Invalid Credentials Handling","ui/auth/login.spec.ts","",""
"","1200","should sort products Z to A","Mobile Chrome","2026-01-15","passed","2026-01-15","SauceDemo Product Tests > Sorting Functionality","ui/products/products.spec.ts","",""
"","1363","should sort price high to low","firefox","2026-01-15","passed","2026-01-15","SauceDemo Product Tests > Sorting Functionality","ui/products/products.spec.ts","",""
"","1432","should show quantity for multiple items","firefox","2026-01-15","passed","2026-01-15","SauceDemo Cart Tests > Cart Display Details","ui/cart/cart.spec.ts","",""
"","22","should delete a post","firefox","2026-01-15","passed","2026-01-15","JSONPlaceholder - Posts Tests","api/jsonplaceholder.spec.ts","",""
"","1149","should navigate back and forth","Mobile Chrome","2026-01-15","passed","2026-01-15","SauceDemo Cart Tests > Cart Navigation","ui/cart/cart.spec.ts","",""
"","1637","should calculate tax correctly","firefox","2026-01-15","passed","2026-01-15","SauceDemo Checkout Tests > Checkout Overview","ui/checkout/checkout.spec.ts","",""
"","1100","should show error for empty password","Mobile Chrome","2026-01-15","passed","2026-01-15","SauceDemo Login Tests > Empty Field Validation","ui/auth/login.spec.ts","",""
"","1746","should verify cart contents","Mobile Safari","2026-01-15","passed","2026-01-15","SauceDemo Cart Tests > Verification Methods","ui/cart/cart.spec.ts","",""
"","3370","single file upload","firefox","2026-01-15","failed","2026-01-15","File download tests","ui/file-operations/download.spec.ts","",""
"","1241","should show complete order summary","chromium","2026-01-15","passed","2026-01-15","SauceDemo Checkout Tests > Order Summary","ui/checkout/checkout.spec.ts","",""
"","2323","should display all product prices","firefox","2026-01-15","passed","2026-01-15","SauceDemo Product Tests > Product Display Verification","ui/products/products.spec.ts","",""
"","25","should get all posts","Mobile Safari","2026-01-15","passed","2026-01-15","JSONPlaceholder - Posts Tests","api/jsonplaceholder.spec.ts","",""
"","127","should get completed todos","firefox","2026-01-15","passed","2026-01-15","JSONPlaceholder - Todos Tests","api/jsonplaceholder.spec.ts","",""
"","1738","should verify cart contents","webkit","2026-01-15","passed","2026-01-15","SauceDemo Cart Tests > Verification Methods","ui/cart/cart.spec.ts","",""
"","1869","should display payment information","Mobile Safari","2026-01-15","passed","2026-01-15","SauceDemo Checkout Tests > Checkout Overview","ui/checkout/checkout.spec.ts","",""
"","22","should get all posts","firefox","2026-01-15","passed","2026-01-15","JSONPlaceholder - Posts Tests","api/jsonplaceholder.spec.ts","",""
"","2032","should calculate total correctly","webkit","2026-01-15","passed","2026-01-15","SauceDemo Checkout Tests > Checkout Overview","ui/checkout/checkout.spec.ts","",""
"","6375","should login with performance glitch user","Mobile Chrome","2026-01-15","passed","2026-01-15","SauceDemo Login Tests > Valid Login Scenarios","ui/auth/login.spec.ts","",""
"","870","handle download failure","Mobile Safari","2026-01-15","passed","2026-01-15","File Download Tests","ui/file-operations/download.spec.ts","",""
"","1802","should display item details correctly","webkit","2026-01-15","passed","2026-01-15","SauceDemo Cart Tests > Cart Item Details","ui/cart/cart.spec.ts","",""
"","1167","should add single item","Mobile Chrome","2026-01-15","passed","2026-01-15","SauceDemo Cart Tests > Add Items to Cart","ui/cart/cart.spec.ts","",""
"","1209","should display product descriptions","chromium","2026-01-15","passed","2026-01-15","SauceDemo Cart Tests > Cart Display Details","ui/cart/cart.spec.ts","",""
"","1794","should show error for all fields empty","Mobile Safari","2026-01-15","passed","2026-01-15","SauceDemo Checkout Tests > Form Field Validation","ui/checkout/checkout.spec.ts","",""
"","104","should get single user by ID","chromium","2026-01-15","passed","2026-01-15","JSONPlaceholder - Users Tests","api/jsonplaceholder.spec.ts","",""
"","1574","should display correct item prices","firefox","2026-01-15","passed","2026-01-15","SauceDemo Checkout Tests > Checkout Overview","ui/checkout/checkout.spec.ts","",""
"","1366","should show error for empty password","Mobile Safari","2026-01-15","passed","2026-01-15","SauceDemo Login Tests > Empty Field Validation","ui/auth/login.spec.ts","",""
"","1268","should maintain items across navigation","Mobile Chrome","2026-01-15","passed","2026-01-15","SauceDemo Cart Tests > Cart Persistence","ui/cart/cart.spec.ts","",""
"","513","upload single file","chromium","2026-01-15","passed","2026-01-15","File Upload Tests","ui/file-operations/upload.spec.ts","",""
"","2417","should logout successfully","Mobile Safari","2026-01-15","passed","2026-01-15","SauceDemo Product Tests > User Menu","ui/products/products.spec.ts","",""
"","1297","should show error for missing first name","chromium","2026-01-15","passed","2026-01-15","SauceDemo Checkout Tests > Form Field Validation","ui/checkout/checkout.spec.ts","",""
"","1587","should continue shopping from cart","webkit","2026-01-15","passed","2026-01-15","SauceDemo Cart Tests > Cart Navigation","ui/cart/cart.spec.ts","",""
"","1221","should reject SQL injection attempts","firefox","2026-01-15","passed","2026-01-15","SauceDemo Login Tests > Invalid Credentials Handling","ui/auth/login.spec.ts","",""
"","1570","should display all products","webkit","2026-01-15","passed","2026-01-15","SauceDemo Product Tests > Product Display Verification","ui/products/products.spec.ts","",""
"","1074","should calculate single item total","chromium","2026-01-15","passed","2026-01-15","SauceDemo Cart Tests > Cart Calculations","ui/cart/cart.spec.ts","",""
"","1876","should display item names","Mobile Safari","2026-01-15","passed","2026-01-15","SauceDemo Checkout Tests > Checkout Overview","ui/checkout/checkout.spec.ts","",""
"","1276","should show error for missing postal code","Mobile Chrome","2026-01-15","passed","2026-01-15","SauceDemo Checkout Tests > Form Field Validation","ui/checkout/checkout.spec.ts","",""
"","1120","should have correct product details","chromium","2026-01-15","passed","2026-01-15","SauceDemo Product Tests > Product Information","ui/products/products.spec.ts","",""
"","1109","should login with visual user","chromium","2026-01-15","passed","2026-01-15","SauceDemo Login Tests > Valid Login Scenarios","ui/auth/login.spec.ts","",""
"","22","should get all todos","Mobile Chrome","2026-01-15","passed","2026-01-15","JSONPlaceholder - Todos Tests","api/jsonplaceholder.spec.ts","",""
"","95","should get completed todos","webkit","2026-01-15","passed","2026-01-15","JSONPlaceholder - Todos Tests","api/jsonplaceholder.spec.ts","",""
"","1865","should display correct item prices","Mobile Safari","2026-01-15","passed","2026-01-15","SauceDemo Checkout Tests > Checkout Overview","ui/checkout/checkout.spec.ts","",""
"","1297","should display item names","Mobile Chrome","2026-01-15","passed","2026-01-15","SauceDemo Checkout Tests > Checkout Overview","ui/checkout/checkout.spec.ts","",""
"","1510","should navigate to cart","Mobile Safari","2026-01-15","passed","2026-01-15","SauceDemo Product Tests > Product Navigation","ui/products/products.spec.ts","",""
"","48","should create a new post","chromium","2026-01-15","passed","2026-01-15","JSONPlaceholder - Posts Tests","api/jsonplaceholder.spec.ts","",""
"","1154","should have visible product container","chromium","2026-01-15","passed","2026-01-15","SauceDemo Product Tests > Product Display Verification","ui/products/products.spec.ts","",""
"","2062","should display shipping information","webkit","2026-01-15","passed","2026-01-15","SauceDemo Checkout Tests > Order Summary","ui/checkout/checkout.spec.ts","",""
"","2234","should show confirmation message","webkit","2026-01-15","passed","2026-01-15","SauceDemo Checkout Tests > Complete Order","ui/checkout/checkout.spec.ts","",""
"","1378","should reject XSS attempts","webkit","2026-01-15","passed","2026-01-15","SauceDemo Login Tests > Invalid Credentials Handling","ui/auth/login.spec.ts","",""
"","1245","should accept various postal code formats","chromium","2026-01-15","passed","2026-01-15","SauceDemo Checkout Tests > Valid Checkout Information","ui/checkout/checkout.spec.ts","",""
"","1529","should login with visual user","Mobile Safari","2026-01-15","passed","2026-01-15","SauceDemo Login Tests > Valid Login Scenarios","ui/auth/login.spec.ts","",""
"","1592","should have correct product count","firefox","2026-01-15","passed","2026-01-15","SauceDemo Product Tests > Product Display Verification","ui/products/products.spec.ts","",""
"","1150","should show error for invalid username","chromium","2026-01-15","passed","2026-01-15","SauceDemo Login Tests > Invalid Credentials Handling","ui/auth/login.spec.ts","",""
"","1721","should go back to cart","Mobile Safari","2026-01-15","passed","2026-01-15","SauceDemo Checkout Tests > Checkout Navigation","ui/checkout/checkout.spec.ts","",""
"","2563","should logout successfully","webkit","2026-01-15","passed","2026-01-15","SauceDemo Product Tests > User Menu","ui/products/products.spec.ts","",""
"","1192","should remove multiple items","Mobile Chrome","2026-01-15","passed","2026-01-15","SauceDemo Cart Tests > Remove Items from Cart","ui/cart/cart.spec.ts","",""
"","34","should get comments for a post","webkit","2026-01-15","passed","2026-01-15","JSONPlaceholder - Comments Tests","api/jsonplaceholder.spec.ts","",""
"","1567","should calculate single item total","webkit","2026-01-15","passed","2026-01-15","SauceDemo Cart Tests > Cart Calculations","ui/cart/cart.spec.ts","",""
"","1888","should show product description in cart","webkit","2026-01-15","passed","2026-01-15","SauceDemo Cart Tests > Cart Item Details","ui/cart/cart.spec.ts","",""
"","1239","upload single file","firefox","2026-01-15","passed","2026-01-15","File Upload Tests","ui/file-operations/upload.spec.ts","",""
"","1135","should handle wrong username format","chromium","2026-01-15","passed","2026-01-15","SauceDemo Login Tests > Invalid Credentials Handling","ui/auth/login.spec.ts","",""
"","1629","should sort price high to low","webkit","2026-01-15","passed","2026-01-15","SauceDemo Product Tests > Sorting Functionality","ui/products/products.spec.ts","",""
"","33","should get comments for a post","firefox","2026-01-15","passed","2026-01-15","JSONPlaceholder - Comments Tests","api/jsonplaceholder.spec.ts","",""
"","1272","should have finish button enabled","Mobile Chrome","2026-01-15","passed","2026-01-15","SauceDemo Checkout Tests > Complete Order","ui/checkout/checkout.spec.ts","",""
"","1603","should maintain items across navigation","firefox","2026-01-15","passed","2026-01-15","SauceDemo Cart Tests > Cart Persistence","ui/cart/cart.spec.ts","",""
"","1077","should show error for invalid password","chromium","2026-01-15","passed","2026-01-15","SauceDemo Login Tests > Invalid Credentials Handling","ui/auth/login.spec.ts","",""
"","23","should get single user by ID","Mobile Safari","2026-01-15","passed","2026-01-15","JSONPlaceholder - Users Tests","api/jsonplaceholder.spec.ts","",""
"","31","should get all todos","firefox","2026-01-15","passed","2026-01-15","JSONPlaceholder - Todos Tests","api/jsonplaceholder.spec.ts","",""
"","1334","should show product description in cart","firefox","2026-01-15","passed","2026-01-15","SauceDemo Cart Tests > Cart Item Details","ui/cart/cart.spec.ts","",""
"","982","download file and read content","Mobile Safari","2026-01-15","passed","2026-01-15","File Download Tests","ui/file-operations/download.spec.ts","",""
"","1138","should navigate to cart","chromium","2026-01-15","passed","2026-01-15","SauceDemo Product Tests > Product Navigation","ui/products/products.spec.ts","",""
"","1286","should handle wrong username format","Mobile Safari","2026-01-15","passed","2026-01-15","SauceDemo Login Tests > Invalid Credentials Handling","ui/auth/login.spec.ts","",""
"","1157","should have correct product count","Mobile Chrome","2026-01-15","passed","2026-01-15","SauceDemo Product Tests > Product Display Verification","ui/products/products.spec.ts","",""
"","1604","User #3 - login test (problem_user)","Mobile Safari","2026-01-15","passed","2026-01-15","SauceDemo Login with Multiple Users @smoke","ui/auth/loginWithDDT.spec.ts","",""
"","1108","should reject SQL injection attempts","Mobile Chrome","2026-01-15","passed","2026-01-15","SauceDemo Login Tests > Invalid Credentials Handling","ui/auth/login.spec.ts","",""
"","1185","should calculate multiple items total","Mobile Chrome","2026-01-15","passed","2026-01-15","SauceDemo Cart Tests > Cart Calculations","ui/cart/cart.spec.ts","",""
"","1138","should change button to Remove after adding","chromium","2026-01-15","passed","2026-01-15","SauceDemo Product Tests > Add to Cart Operations","ui/products/products.spec.ts","",""
"","1153","should reject XSS attempts","firefox","2026-01-15","passed","2026-01-15","SauceDemo Login Tests > Invalid Credentials Handling","ui/auth/login.spec.ts","",""
"","912","download file and verify","Mobile Safari","2026-01-15","passed","2026-01-15","File Download Tests","ui/file-operations/download.spec.ts","",""
"","1501","should display shipping information","firefox","2026-01-15","passed","2026-01-15","SauceDemo Checkout Tests > Order Summary","ui/checkout/checkout.spec.ts","",""
"","1139","should reject SQL injection attempts","chromium","2026-01-15","passed","2026-01-15","SauceDemo Login Tests > Invalid Credentials Handling","ui/auth/login.spec.ts","",""
"","610","download file and verify","Mobile Chrome","2026-01-15","passed","2026-01-15","File Download Tests","ui/file-operations/download.spec.ts","",""
"","1896","should calculate total correctly","firefox","2026-01-15","passed","2026-01-15","SauceDemo Checkout Tests > Checkout Overview","ui/checkout/checkout.spec.ts","",""
"","2296","should have finish button enabled","firefox","2026-01-15","passed","2026-01-15","SauceDemo Checkout Tests > Complete Order","ui/checkout/checkout.spec.ts","",""
"","1273","should login with problem user","Mobile Chrome","2026-01-15","passed","2026-01-15","SauceDemo Login Tests > Valid Login Scenarios","ui/auth/login.spec.ts","",""
"","24","should get comments for a post","Mobile Chrome","2026-01-15","passed","2026-01-15","JSONPlaceholder - Comments Tests","api/jsonplaceholder.spec.ts","",""
"","1126","should show error for empty username","Mobile Chrome","2026-01-15","passed","2026-01-15","SauceDemo Login Tests > Empty Field Validation","ui/auth/login.spec.ts","",""
"","32","should get all albums","webkit","2026-01-15","passed","2026-01-15","JSONPlaceholder - Album & Photos Tests","api/jsonplaceholder.spec.ts","",""
"","1215","should show error for locked out user","firefox","2026-01-15","passed","2026-01-15","SauceDemo Login Tests > Invalid Credentials Handling","ui/auth/login.spec.ts","",""
"","533","upload single file","Mobile Chrome","2026-01-15","passed","2026-01-15","File Upload Tests","ui/file-operations/upload.spec.ts","",""
"","1279","should calculate subtotal correctly","Mobile Chrome","2026-01-15","passed","2026-01-15","SauceDemo Checkout Tests > Checkout Overview","ui/checkout/checkout.spec.ts","",""
"","12348","should remove from products page","Mobile Safari","2026-01-15","passed","2026-01-15","SauceDemo Cart Tests > Remove Items from Cart","ui/cart/cart.spec.ts","",""
"","1938","should add multiple items","Mobile Safari","2026-01-15","passed","2026-01-15","SauceDemo Cart Tests > Add Items to Cart","ui/cart/cart.spec.ts","",""
"","1281","User #3 - login test (problem_user)","Mobile Chrome","2026-01-15","passed","2026-01-15","SauceDemo Login with Multiple Users @smoke","ui/auth/loginWithDDT.spec.ts","",""
"","12421","should remove from products page","webkit","2026-01-15","passed","2026-01-15","SauceDemo Cart Tests > Remove Items from Cart","ui/cart/cart.spec.ts","",""
"","1144","should display empty cart correctly","Mobile Chrome","2026-01-15","passed","2026-01-15","SauceDemo Cart Tests > Empty Cart Scenarios","ui/cart/cart.spec.ts","",""
"","169","should get all users","Mobile Safari","2026-01-15","passed","2026-01-15","JSONPlaceholder - Users Tests","api/jsonplaceholder.spec.ts","",""
"","31","should update an existing post","webkit","2026-01-15","passed","2026-01-15","JSONPlaceholder - Posts Tests","api/jsonplaceholder.spec.ts","",""
"","1273","should show error for missing last name","Mobile Chrome","2026-01-15","passed","2026-01-15","SauceDemo Checkout Tests > Form Field Validation","ui/checkout/checkout.spec.ts","",""
"","1519","should calculate single item total","Mobile Safari","2026-01-15","passed","2026-01-15","SauceDemo Cart Tests > Cart Calculations","ui/cart/cart.spec.ts","",""
"","1404","should show error for locked out user","webkit","2026-01-15","passed","2026-01-15","SauceDemo Login Tests > Invalid Credentials Handling","ui/auth/login.spec.ts","",""
"","80","should get all albums","Mobile Safari","2026-01-15","passed","2026-01-15","JSONPlaceholder - Album & Photos Tests","api/jsonplaceholder.spec.ts","",""
"","1357","should add multiple products to cart","firefox","2026-01-15","passed","2026-01-15","SauceDemo Product Tests > Add to Cart Operations","ui/products/products.spec.ts","",""
"","1177","should show checkout button with items","Mobile Chrome","2026-01-15","passed","2026-01-15","SauceDemo Cart Tests > Empty Cart Scenarios","ui/cart/cart.spec.ts","",""
"","1166","should remove all items","chromium","2026-01-15","passed","2026-01-15","SauceDemo Cart Tests > Remove Items from Cart","ui/cart/cart.spec.ts","",""
"","1485","should navigate back and forth","firefox","2026-01-15","passed","2026-01-15","SauceDemo Cart Tests > Cart Navigation","ui/cart/cart.spec.ts","",""
"","1194","should verify product in cart","Mobile Chrome","2026-01-15","passed","2026-01-15","SauceDemo Cart Tests > Verification Methods","ui/cart/cart.spec.ts","",""
"","1703","should navigate to cart","webkit","2026-01-15","passed","2026-01-15","SauceDemo Product Tests > Product Navigation","ui/products/products.spec.ts","",""
"","2027","should complete with valid data","firefox","2026-01-15","passed","2026-01-15","SauceDemo Checkout Tests > Valid Checkout Information","ui/checkout/checkout.spec.ts","",""
"","1809","should cancel from checkout","Mobile Safari","2026-01-15","passed","2026-01-15","SauceDemo Checkout Tests > Checkout Navigation","ui/checkout/checkout.spec.ts","",""
"","1327","should display all products","firefox","2026-01-15","passed","2026-01-15","SauceDemo Product Tests > Product Display Verification","ui/products/products.spec.ts","",""
"","1248","should have finish button enabled","chromium","2026-01-15","passed","2026-01-15","SauceDemo Checkout Tests > Complete Order","ui/checkout/checkout.spec.ts","",""
"","53","should get photos for album","Mobile Safari","2026-01-15","passed","2026-01-15","JSONPlaceholder - Album & Photos Tests","api/jsonplaceholder.spec.ts","",""
"","1403","should show error for empty password","webkit","2026-01-15","passed","2026-01-15","SauceDemo Login Tests > Empty Field Validation","ui/auth/login.spec.ts","",""
"","1120","should navigate to cart","Mobile Chrome","2026-01-15","passed","2026-01-15","SauceDemo Product Tests > Product Navigation","ui/products/products.spec.ts","",""
"","1288","should decrement cart badge when removing","chromium","2026-01-15","passed","2026-01-15","SauceDemo Product Tests > Remove from Cart Operations","ui/products/products.spec.ts","",""
"","1985","should have finish button enabled","webkit","2026-01-15","passed","2026-01-15","SauceDemo Checkout Tests > Complete Order","ui/checkout/checkout.spec.ts","",""
"","1312","should login with error user","Mobile Safari","2026-01-15","passed","2026-01-15","SauceDemo Login Tests > Valid Login Scenarios","ui/auth/login.spec.ts","",""
"","2052","should fill fields separately","webkit","2026-01-15","passed","2026-01-15","SauceDemo Checkout Tests > Valid Checkout Information","ui/checkout/checkout.spec.ts","",""
"","1466","should verify total matches subtotal plus tax","firefox","2026-01-15","passed","2026-01-15","SauceDemo Checkout Tests > Order Summary","ui/checkout/checkout.spec.ts","",""
"","1336","should display item details correctly","firefox","2026-01-15","passed","2026-01-15","SauceDemo Cart Tests > Cart Item Details","ui/cart/cart.spec.ts","",""
"","2082","should sort price low to high","firefox","2026-01-15","passed","2026-01-15","SauceDemo Product Tests > Sorting Functionality","ui/products/products.spec.ts","",""
"","1388","should maintain items across navigation","chromium","2026-01-15","passed","2026-01-15","SauceDemo Cart Tests > Cart Persistence","ui/cart/cart.spec.ts","",""
"","1462","should have visible product container","Mobile Safari","2026-01-15","passed","2026-01-15","SauceDemo Product Tests > Product Display Verification","ui/products/products.spec.ts","",""
"","1115","should be case sensitive","chromium","2026-01-15","passed","2026-01-15","SauceDemo Login Tests > Invalid Credentials Handling","ui/auth/login.spec.ts","",""
"","1292","should display shipping information","Mobile Chrome","2026-01-15","passed","2026-01-15","SauceDemo Checkout Tests > Order Summary","ui/checkout/checkout.spec.ts","",""
"","30","should get comments for a post","chromium","2026-01-15","passed","2026-01-15","JSONPlaceholder - Comments Tests","api/jsonplaceholder.spec.ts","",""
"","46","should update an existing post","Mobile Safari","2026-01-15","passed","2026-01-15","JSONPlaceholder - Posts Tests","api/jsonplaceholder.spec.ts","",""
"","1848","should persist form field data","webkit","2026-01-15","passed","2026-01-15","SauceDemo Checkout Tests > Checkout Navigation","ui/checkout/checkout.spec.ts","",""
"","1853","should verify product in cart","webkit","2026-01-15","passed","2026-01-15","SauceDemo Cart Tests > Verification Methods","ui/cart/cart.spec.ts","",""
"","1296","should handle wrong username format","firefox","2026-01-15","passed","2026-01-15","SauceDemo Login Tests > Invalid Credentials Handling","ui/auth/login.spec.ts","",""
"","1163","should show error for invalid username","firefox","2026-01-15","passed","2026-01-15","SauceDemo Login Tests > Invalid Credentials Handling","ui/auth/login.spec.ts","",""
"","1151","should have default sort as A-Z","chromium","2026-01-15","passed","2026-01-15","SauceDemo Product Tests > Sorting Functionality","ui/products/products.spec.ts","",""
"","1292","should display product prices correctly","firefox","2026-01-15","passed","2026-01-15","SauceDemo Product Tests > Product Information","ui/products/products.spec.ts","",""
"","1362","should remove multiple items","firefox","2026-01-15","passed","2026-01-15","SauceDemo Cart Tests > Remove Items from Cart","ui/cart/cart.spec.ts","",""
"","1133","should display product names correctly","Mobile Chrome","2026-01-15","passed","2026-01-15","SauceDemo Product Tests > Product Information","ui/products/products.spec.ts","",""
"","1764","should fill fields separately","Mobile Safari","2026-01-15","passed","2026-01-15","SauceDemo Checkout Tests > Valid Checkout Information","ui/checkout/checkout.spec.ts","",""
"","1336","should display all products","Mobile Safari","2026-01-15","passed","2026-01-15","SauceDemo Product Tests > Product Display Verification","ui/products/products.spec.ts","",""
"","1197","should verify product in cart","chromium","2026-01-15","passed","2026-01-15","SauceDemo Cart Tests > Verification Methods","ui/cart/cart.spec.ts","",""
"","1461","should show error for all fields empty","firefox","2026-01-15","passed","2026-01-15","SauceDemo Checkout Tests > Form Field Validation","ui/checkout/checkout.spec.ts","",""
"","1225","should show quantity for multiple items","Mobile Chrome","2026-01-15","passed","2026-01-15","SauceDemo Cart Tests > Cart Display Details","ui/cart/cart.spec.ts","",""
"","1903","should display item names","firefox","2026-01-15","passed","2026-01-15","SauceDemo Checkout Tests > Checkout Overview","ui/checkout/checkout.spec.ts","",""
"","1237","should display product descriptions","Mobile Chrome","2026-01-15","passed","2026-01-15","SauceDemo Cart Tests > Cart Display Details","ui/cart/cart.spec.ts","",""
"","1884","should calculate multiple items total","Mobile Safari","2026-01-15","passed","2026-01-15","SauceDemo Cart Tests > Cart Calculations","ui/cart/cart.spec.ts","",""
"","1355","should change button to Remove after adding","firefox","2026-01-15","passed","2026-01-15","SauceDemo Product Tests > Add to Cart Operations","ui/products/products.spec.ts","",""
